"code"	"name_ru"
"01132"	"Выращивание овощей, их семян и рассады"
"01133"	"Выращивание сахарной свеклы и семян"
"01140"	"Выращивание сахарного тростника"
"01150"	"Выращивание табака"
"01161"	"Выращивание хлопка-сырца"
"01162"	"Выращивание волокнистых прядильных культур и их семян"
"01191"	"Выращивание кормовых культур и их семян"
"01192"	"Выращивание цветов, семеноводство цветочных культур"
"01199"	"Выращивание прочих сезонных культур"
"01210"	"Выращивание винограда"
"01220"	"Выращивание тропических и субтропических фруктов"
"01230"	"Выращивание цитрусовых фруктов"
"01240"	"Выращивание семечковых и косточковых плодов"
"01250"	"Выращивание прочих видов плодовых деревьев, кустарников и орехов"
"01260"	"Выращивание масленичных фруктов"
"01270"	"Выращивание культур для производства напитков"
"01280"	"Выращивание специй, ароматических, сильнодействующих наркотических и фармацевтических культур"
"01290"	"Выращивание прочих многолетних культур"
"01300"	"Производство продукции питомников"
"01410"	"Разведение молочных пород скота"
"01420"	"Разведение прочих пород крупного рогатого скота для получения мяса"
"01431"	"Разведение лошадей"
"01432"	"Разведение и выращивание ослов, мулов или лошаков"
"01440"	"Разведение верблюдов и верблюдовых"
"01450"	"Разведение овец и коз"
"01460"	"Разведение свиней и поросят"
"01471"	"Разведение птицы на мясо, племенной птицы и молодняка"
"01472"	"Производство яиц"
"01473"	"Производство смешанное, мясо-яичное"
"01474"	"Деятельность инкубаторно-птицеводческих станций"
"01490"	"Разведение прочих видов животных"
"01500"	"Смешанное сельское хозяйство"
"01611"	"Вспомогательные виды деятельности в области выращивания сельскохозяйственных культур"
"01612"	"Эксплуатация оросительных систем"
"01620"	"Вспомогательные виды деятельности по разведению животных"
"01630"	"Виды сельскохозяйственной деятельности после сбора урожая"
"01640"	"Обработка и подготовка семян для размножения"
"01700"	"Охота и отлов, включая предоставление услуг в этих областях"
"02100"	"Лесоводство и прочая лесохозяйственная деятельность"
"02200"	"Лесозаготовки"
"02300"	"Сбор не древесной продукции лесного хозяйства"
"02400"	"Предоставление услуг в области лесного хозяйства (лесоводства и лесозаготовок)"
"03110"	"Морское рыболовство"
"03120"	"Пресноводное рыболовство"
"03210"	"Морская аквакультура"
"03220"	"Пресноводная аквакультура"
"05101"	"Добыча каменного угля открытым способом"
"05102"	"Добыча каменного угля подземным способом"
"05103"	"Обогащение каменного угля"
"05201"	"Добыча лигнита (бурого угля) открытым способом"
"05202"	"Добыча лигнита (бурого угля) подземным способом"
"05203"	"Обогащение лигнита (бурого угля)"
"06100"	"Добыча сырой нефти и попутного газа"
"06201"	"Добыча  природного газа, кроме метана"
"06202"	"Добыча метана  из угольных месторождений"
"07101"	"Добыча железной руды подземным способом"
"07102"	"Добыча железной руды открытым способом"
"07210"	"Добыча урановой и ториевой руды"
"07291"	"Добыча и обогащение алюминий-содержащего сырья"
"07292"	"Добыча и обогащение медной руды"
"07293"	"Добыча и обогащение свинцово-цинковой руды"
"07294"	"Добыча и обогащение никель-кобальтовых руд"
"07295"	"Добыча и обогащение титаново-магниевого сырья (руды)"
"07296"	"Добыча и обогащение оловянной руды"
"07297"	"Добыча и обогащение сурьмяно-ртутных руд"
"07298"	"Добыча драгоценных металлов и руд редких металлов"
"07299"	"Добыча прочих руд цветных металлов"
"08111"	"Добыча декоративного и строительного камня"
"08112"	"Добыча известняка, гипса и мела"
"08113"	"Добыча сланцев"
"08121"	"Разработка гравийных и песчаных карьеров"
"08122"	"Добыча глины и каолина"
"08910"	"Добыча минерального сырья для химической промышленности и производства удобрений"
"08920"	"Добыча торфа"
"08930"	"Добыча соли"
"08991"	"Добыча асбестовой руды"
"08992"	"Добыча и обогащение неметаллических руд"
"08993"	"Добыча сырья для естественных и искусственных пористых заполнителей"
"08994"	"Добыча исходного сырья для стекольной промышленности"
"08995"	"Добыча драгоценных камней (кроме алмазов) и полудрагоценных камней, самоцветов и янтаря"
"08996"	"Добыча алмазов"
"09100"	"Техническая поддержка при добыче нефти и природного газа"
"09900"	"Техническая поддержка для прочих областей горнодобывающей промышленности и подземной разработки"
"10110"	"Переработка и консервирование мяса"
"10120"	"Переработка и консервирование мяса домашней птицы"
"10130"	"Производство продуктов из мяса и мяса домашней птицы"
"10200"	"Переработка и консервирование рыбы, ракообразных и моллюсков"
"10310"	"Переработка и консервирование картофеля"
"10320"	"Производство фруктовых и овощных соков"
"10390"	"Прочие виды переработки и хранения фруктов и овощей"
"10411"	"Производство неочищенных масел и жиров"
"10412"	"Производство рафинированных масел и жиров"
"10420"	"Производство маргарина и подобных животных жиров"
"10511"	"Переработка молока, кроме консервирования, и производство сыров"
"10512"	"Производство молочных консервов"
"10520"	"Производство мороженого"
"10611"	"Производство муки"
"10612"	"Производство круп"
"10613"	"Производство пищевых концентратов"
"10620"	"Производство крахмала и продукции из крахмала"
"10710"	"Производство хлеба; производство свежих мучных кондитерских изделий, тортов и пирожных"
"10720"	"Производство сухарей и печенья; производство мучных кондитерских изделий, тортов, пирожных, пирогов и бисквитов, предназначенных для длительного хранения"
"10730"	"Производство макаронных изделий"
"10810"	"Производство сахара"
"10820"	"Производство какао, шоколада и сахаристых кондитерских изделий"
"10830"	"Переработка чая и кофе"
"10840"	"Производство пряностей и приправ"
"10850"	"Производство приготовленных пищевых продуктов и полуфабрикатов"
"10860"	"Производство детского питания и диетических пищевых продуктов"
"10891"	"Производство супов, бульонов и яйцепродуктов"
"10892"	"Производство дрожжей"
"10899"	"Производство прочих пищевых продуктов, не включенных в другие категории"
"10910"	"Производство готовых кормов для животных, содержащихся на фермах"
"10920"	"Производство готовых кормов для домашних животных"
"11010"	"Дистилляция, ректификация и смешивание спиртных напитков"
"11021"	"Производство вина из винограда собственного производства"
"11022"	"Производство вина из винограда несобственного производства"
"11030"	"Производство сидра и прочих фруктовых вин"
"11040"	"Производство прочих недистиллированных напитков из сброженного материала"
"11050"	"Производство пива"
"11060"	"Производство солода"
"11070"	"Производство минеральных вод и других безалкогольных напитков"
"12001"	"Ферментация табака"
"12002"	"Производство табачных изделий"
"13101"	"Подготовка хлопчатобумажного волокна"
"13102"	"Прядение хлопчатобумажного волокна"
"13103"	"Подготовка шерстяного волокна"
"13104"	"Прядение шерстяного волокна"
"13105"	"Подготовка льняного и прочих растительных волокон"
"13106"	"Прядение льняного и прочих растительных волокон"
"13107"	"Подготовка шелкового волокна"
"13108"	"Производство шелковой пряжи"
"13109"	"Производство швейных ниток"
"13201"	"Производство хлопчатобумажных тканей"
"13202"	"Производство шерстяных тканей"
"13203"	"Производство шелковых тканей"
"13204"	"Производство льняных тканей"
"13209"	"Производство прочих тканей"
"13300"	"Производство готовых текстильных изделий"
"13911"	"Производство трикотажного полотна"
"13912"	"Производство искусственного меха"
"13920"	"Производство готовых текстильных изделий, кроме одежды"
"13930"	"Производство ковров и ковровых изделий"
"13941"	"Производство канатов, веревок, шпагата"
"13942"	"Производство изделий из веревок и сетей"
"13950"	"Производство нетканых изделий, за исключением одежды"
"13960"	"Производство прочих технических и промышленных текстильных изделий"
"13991"	"Производство текстильной галантереи"
"13992"	"Производство валяльно-войлочных изделий"
"13999"	"Производство прочих текстильных изделий, не вошедших в другие категории"
"14110"	"Производство одежды из кожи"
"14120"	"Производство спецодежды"
"14130"	"Производство верхней одежды"
"14140"	"Производство нижнего белья"
"14191"	"Производство головных уборов"
"14199"	"Производство другой одежды и принадлежностей"
"14200"	"Производство меховых изделий"
"14310"	"Производство вязаных и трикотажных чулочных изделий"
"14390"	"Производство прочих вязаных и трикотажных изделий"
"15111"	"Дубление и выделка кожи"
"15112"	"Производство искусственных кож и пленочных материалов"
"15113"	"Выделка и окрашивание меха"
"15121"	"Производство багажных сумок, дамских сумочек и аналогичных изделий"
"15122"	"Производство шорно-седельных изделий"
"15200"	"Производство обуви"
"16101"	"Лесопильное и строгальное производство"
"16102"	"Антисептирование древесины"
"16103"	"Производство сборных деревянных покрытий"
"16210"	"Производство шпона, фанеры, плит и панелей"
"16220"	"Производство сборных паркетных покрытий"
"16231"	"Производство деревянных изделий"
"16232"	"Производство сборных домов, преимущественно из дерева"
"16233"	"Производство деревянных контейнерных, цельноперевозных и сборноразборных зданий и помещений"
"16240"	"Производство деревянной тары"
"16291"	"Производство разных деревянных изделий"
"16292"	"Производство декоративных изделий из дерева"
"16293"	"Производство изделий из пробки, соломки и материалов для плетения"
"17110"	"Производство древесной массы и целлюлозы"
"17120"	"Производство бумаги и картона"
"17211"	"Производство гофрированного картона"
"17212"	"Производство бумажной и картонной тары"
"17220"	"Производство бумажных изделий хозяйственно-бытового и санитарно-гигиенического назначения"
"17230"	"Производство писчебумажных изделий"
"17240"	"Производство обоев"
"17290"	"Производство прочих изделий из бумаги и картона"
"18110"	"Печатание газет"
"18120"	"Прочие виды печатного производства"
"18130"	"Изготовление печатных форм и информационная деятельность"
"18140"	"Брошюровочно-переплетная и отделочная деятельность и сопутствующие услуги"
"18201"	"Воспроизведение звукозаписей"
"18202"	"Воспроизведение видеозаписей"
"18203"	"Воспроизведение программного обеспечения и баз данных"
"19100"	"Производство продукции коксовых печей"
"19201"	"Производство продуктов нефтепереработки"
"19202"	"Агломерация торфа и производство торфяных брикетов"
"19203"	"Агломерация и производство угольных брикетов"
"19204"	"Агломерация и производство брикетов лигнита"
"20110"	"Производство промышленных газов"
"20120"	"Производство красителей и пигментов"
"20130"	"Производство прочих основных неорганических химических веществ"
"20141"	"Производство дубильных веществ"
"20142"	"Производство биоэтанола"
"20149"	"Производство прочих основных органических химических веществ"
"20151"	"Производство удобрений"
"20152"	"Производство азотных соединений"
"20160"	"Производство пластмасс в первичной форме"
"20170"	"Производство синтетического каучука в первичной форме"
"20200"	"Производство пестицидов и прочей агрохимической продукции"
"20301"	"Производство красок, лаков и аналогичных красящих веществ, типографской краски и мастики"
"20302"	"Производство готовых растворителей и разбавителей красок и лаков"
"20410"	"Производство мыла и моющих, чистящих и полирующих средств"
"20420"	"Производство парфюмерных и косметических средств"
"20511"	"Производство взрывчатых веществ"
"20512"	"Производство спичек"
"20520"	"Производство клея"
"20530"	"Производство эфирных масел"
"20591"	"Производство фотоматериалов"
"20592"	"Производство желатина"
"20593"	"Производство материалов, используемых в отделке текстильных изделий"
"20594"	"Производство технического углерода (сажи)"
"20599"	"Производство других химических продуктов"
"20600"	"Производство искусственных волокон"
"21100"	"Производство основных фармацевтических продуктов"
"21201"	"Производство фармацевтических препаратов"
"21202"	"Производство лекарственных препаратов для ветеринарии"
"22111"	"Производство резиновых покрышек и камер"
"22112"	"Восстановление резиновых шин и покрышек"
"22191"	"Производство резинотехнических изделий"
"22192"	"Производство резиновых санитарно-гигиенических и медицинских изделий"
"22210"	"Производство пластмассовых листов, камер для шин и профилей"
"22220"	"Производство пластиковых упаковок для товаров"
"22231"	"Производство строительных пластиковых изделий"
"22232"	"Производство линолеума и прочих эластичных покрытий для пола"
"22290"	"Производство прочих пластиковых изделий"
"23110"	"Производство листового стекла"
"23120"	"Формирование и обработка листового стекла"
"23131"	"Производство стеклянной тары"
"23132"	"Производство хозяйственно-бытовых изделий из стекла и стеклянной посуды"
"23140"	"Производство стекловолокна"
"23191"	"Производство электротехнического и электровакуумного стекла"
"23192"	"Производство химико-лабораторной посуды из стекла"
"23199"	"Производство стеклянных изделий, не включенных в другие категории"
"23200"	"Производство огнеупорных изделий"
"23310"	"Производство керамических покрытий и плит"
"23320"	"Производство кирпича, черепицы и прочих строительных изделий из обожженной глины"
"23411"	"Производство хозяйственно-бытовых изделий из фарфора и фаянса"
"23412"	"Производство хозяйственно-бытовых гончарных изделий"
"23420"	"Производство керамического гигиенического сантехнического оборудования"
"23430"	"Производство керамических электроизоляторов и изолирующей арматуры"
"23440"	"Производство прочих технических керамических изделий"
"23490"	"Производство прочих керамических изделий"
"23510"	"Производство цемента, включая клинкеры"
"23521"	"Производство извести"
"23522"	"Производство известняковой и доломитовой муки"
"23523"	"Производство штукатурки из гипса"
"23611"	"Производство сборных железобетонных и бетонных конструкций и изделий"
"23612"	"Производство стеновых блоков"
"23613"	"Производство силикатного кирпича"
"23620"	"Производство изделий из гипса для строительных целей"
"23631"	"Производство товарного бетона"
"23632"	"Производство асфальтобетона"
"23640"	"Производство сухих бетонных смесей"
"23650"	"Производство изделий из асбестоцемента и волокнистого цемента"
"23690"	"Производство прочих изделий из бетона, строительного гипса и цемента"
"23700"	"Резка, обработка и отделка камня"
"23910"	"Производство абразивных изделий"
"23991"	"Производство асбестотехнических изделий"
"23992"	"Производство минеральных изоляционных материалов"
"23993"	"Производство мягких кровельных и гидроизоляционных материалов"
"23994"	"Производство искусственных и переработка естественных пористых заполнителей"
"23995"	"Производство формовочных материалов"
"23996"	"Производство изделий из неметаллических руд"
"24100"	"Производство чугуна, стали и ферросплавов"
"24200"	"Производство труб, трубопроводов, профилей, фитингов из стали"
"24310"	"Холодное волочение"
"24320"	"Холодная прокатка лент и узких полос"
"24330"	"Холодная формовка или фальцовка"
"24340"	"Производство проволоки путем холодного вытягивания"
"24410"	"Производство благородных (драгоценных) металлов"
"24420"	"Производство алюминия"
"24430"	"Производство свинца, цинка и олова"
"24440"	"Производство меди"
"24451"	"Производство никеля и кобальта"
"24452"	"Производство титана и магния, вольфрама и молибдена"
"24453"	"Производство сурьмы и ртути"
"24454"	"Обработка цветных металлов и сплавов"
"24455"	"Производство редких металлов и полупроводниковых материалов"
"24460"	"Переработка ядерного топлива"
"24511"	"Литье чугуна"
"24512"	"Производство труб из чугуна"
"24520"	"Литье стали"
"24530"	"Литье легких металлов"
"24540"	"Литье прочих цветных металлов"
"25111"	"Производство строительных стальных конструкций"
"25112"	"Производство легких металлических конструкций"
"25113"	"Производство строительных конструкций и изделий из алюминия и алюминиевых сплавов"
"25114"	"Производство контейнерных и сборно-разборных зданий и помещений"
"25120"	"Производство металлических дверей и окон"
"25210"	"Производство радиаторов и котлов центрального отопления"
"25290"	"Производство прочих металлических цистерн, резервуаров и контейнеров"
"25300"	"Производство паровых котлов, кроме котлов центрального отопления"
"25400"	"Производство оружия и боеприпасов"
"25501"	"Производство готовых металлических изделий или полуфабрикатов путем ковки, прессования, штамповки и прокатки"
"25502"	"Производство металлических изделий методом порошковой металлургии"
"25610"	"Обработка металлов и нанесение покрытий на металлы"
"25620"	"Машинная обработка; обработка и покрытие металлов"
"25710"	"Производство прочих металлических изделий"
"25720"	"Производство замков, петель и шарниров"
"25731"	"Производство металло- и деревообрабатывающего инструмента"
"25732"	"Производство сельскохозяйственного и садово-огородного инструмента"
"25910"	"Производство металлических бочек и аналогичных емкостей"
"25920"	"Производство упаковочного материала из легких металлов"
"25931"	"Производство изделий из проволоки"
"25932"	"Производство цепей и пружин"
"25940"	"Производство крепежных изделий"
"25991"	"Производство металлического санитарно-гигиенического оборудования"
"25992"	"Производство хозяйственной посуды и кухонного инвентаря"
"25999"	"Производство прочих готовых металлических изделий"
"26110"	"Производство электронных деталей"
"26120"	"Производство электронных панелей загрузки"
"26200"	"Производство компьютеров и периферийного оборудования"
"26301"	"Производство теле- и радиоаппаратуры производственного назначения"
"26302"	"Производство аппаратуры для кабельной телефонной и телеграфной связи"
"26400"	"Производство электронных приборов для пользователей"
"26511"	"Производство приборов для измерения механических величин"
"26512"	"Производство электроизмерительных приборов"
"26513"	"Производство радиоизмерительных приборов"
"26514"	"Производство оптических и оптико-механических приборов и аппаратуры"
"26515"	"Производство приборов для физических исследований"
"26516"	"Производство медико-хирургических инструментов"
"26521"	"Производство часов всех видов"
"26522"	"Производство приборов для регистрации времени"
"26523"	"Производство деталей и принадлежностей для часов"
"26600"	"Производство облучающего, электромедицинского и электротерапевтического оборудования"
"26701"	"Производство оптических приборов"
"26702"	"Производство фото- и кинооборудования"
"26800"	"Производство магнитных и оптических средств передачи информации"
"27110"	"Производство электромоторов, генераторов и трансформаторов (без ремонта)"
"27120"	"Производство электрораспределительной и регулирующей аппаратуры (без ремонта)"
"27200"	"Производство батарей и аккумуляторов"
"27310"	"Производство волоконно-оптического кабеля"
"27320"	"Производство прочих видов электропровода и кабеля"
"27330"	"Производство электроприборов"
"27401"	"Производство электроламп"
"27402"	"Производство осветительных приборов"
"27511"	"Производство электробытовых приборов, кроме холодильников и морозильников"
"27512"	"Производство бытовых холодильников и морозильников"
"27520"	"Производство не электрических бытовых приборов"
"27901"	"Производство электродной продукции"
"27902"	"Производство электроизоляционных изделий"
"27903"	"Производство электросигнального оборудования"
"27909"	"Производство прочих электромеханизмов и приборов"
"28111"	"Производство двигателей"
"28112"	"Производство турбин"
"28120"	"Производство гидравлического оборудования"
"28131"	"Производство вакуумных и воздушных насосов"
"28132"	"Производство компрессоров"
"28140"	"Производство прочих кранов и вентилей"
"28151"	"Производство подшипников"
"28152"	"Производство общемашиностроительных узлов и деталей"
"28211"	"Производство неэлектрических печей, горелок и устройств для печей"
"28212"	"Производство электрических печей"
"28221"	"Производство кранов (без строительных)"
"28222"	"Производство кранов для строительства"
"28223"	"Производство оборудования непрерывного транспорта"
"28224"	"Производство лифтов"
"28225"	"Производство авто- и электропогрузчиков"
"28229"	"Производство прочего подъемно-транспортного, погрузочно-разгрузочного и складского оборудования"
"28230"	"Производство офисной техники и оборудования (за исключением компьютеров и периферийного оборудования)"
"28240"	"Производство ручных электрических инструментов"
"28251"	"Производство холодильного или морозильного оборудования"
"28252"	"Производство кондиционеров воздуха, вентиляторов"
"28291"	"Производство весоизмерительного оборудования (кроме лабораторных весов)"
"28292"	"Производство фильтрующего и очистительного оборудования"
"28293"	"Производство оборудования для распыления и разбрызгивания жидкостей или порошков"
"28294"	"Производство упаковочных и оберточных машин"
"28295"	"Производство оборудования и аппаратуры для химических процессов"
"28296"	"Производство чертежных, разметочных и измерительных инструментов"
"28299"	"Производство прочих машин и оборудования, деталей  и узлов"
"28301"	"Производство сельскохозяйственных тракторов (без ремонта)"
"28302"	"Производство сельскохозяйственных машин"
"28303"	"Производство оборудования для животноводства и кормопроизводства"
"28304"	"Производство лесозаготовительного и мелиоративного оборудования"
"28411"	"Производство станков для обработки металлов лазером и станков аналогичных"
"28412"	"Производство токарных, расточных, сверлильных и фрезерных станков"
"28413"	"Производство прочих металлорежущих станков"
"28414"	"Производство частей и приспособлений к металлообрабатывающим станкам"
"28491"	"Производство станков для обработки камня, дерева и материалов твердых аналогичных"
"28492"	"Производство оборудования для пайки и сварки, машин и аппаратов для поверхностного отпуска и газотермического напыления"
"28499"	"Производство частей и приспособлений прочих станков"
"28910"	"Производство машин и оборудования  для металлургии (без ремонта)"
"28921"	"Производство горношахтного и горнорудного оборудования"
"28922"	"Производство дорожных и землеройных машин"
"28923"	"Производство строительных машин"
"28924"	"Производство оборудования для обработки строительных материалов"
"28925"	"Производство оборудования для торфяной промышленности"
"28930"	"Производство оборудования для производства и переработки продуктов питания, напитков и табачных изделий  (без ремонта)"
"28941"	"Производство машин и оборудования для текстильной промышленности"
"28942"	"Производство машин и оборудования для швейной и трикотажной промышленности"
"28943"	"Производство швейных машин бытового назначения"
"28944"	"Производство машин и оборудования для обувной, меховой, кожевенной и кожгалантерейной промышленности"
"28945"	"Производство специального оборудования для предприятий бытового обслуживания"
"28946"	"Производство оборудования для получения химического волокна"
"28950"	"Производство техники для изготовления бумаги и картона (без ремонта)"
"28960"	"Производство оборудования для переработки резины, пластмасс и других полимерных материалов"
"28991"	"Производство нефтепромыслового и бурового геологоразведочного оборудования"
"28992"	"Производство нефтегазоперерабатывающего оборудования"
"28993"	"Производство специального технологического оборудования для электронной промышленности"
"28994"	"Производство технологического оборудования для стекольной промышленности"
"28995"	"Производство технологического оборудования для полиграфической промышленности"
"28996"	"Производство каруселей, качелей, тиров и других аттракционов"
"28999"	"Производство других машин специального назначения"
"29101"	"Производство автомобилей и других моторных транспортных средств"
"29102"	"Производство двигателей"
"29201"	"Производство кузовов для автомобилей"
"29202"	"Производство прицепов и полуприцепов"
"29310"	"Производство электрического и электронного оборудования для автотранспортных средств (без ремонта)"
"29321"	"Производство прочих частей и принадлежностей автотранспортных средств и их двигателей"
"29322"	"Производство гаражного и автозаправочного оборудования"
"30110"	"Строительство кораблей и плавучих конструкций"
"30120"	"Строительство прогулочных и спортивных лодок"
"30200"	"Производство железнодорожных локомотивов и подвижного состава (без ремонта)"
"30301"	"Производство летательных аппаратов"
"30302"	"Производство космических летательных аппаратов"
"30400"	"Производство военных боевых автотранспортных средств"
"30910"	"Производство мотоциклов"
"30921"	"Производство велосипедов"
"30922"	"Производство инвалидных колясок/кресел"
"30923"	"Производство детских колясок"
"30990"	"Производство прочих транспортных средств и оборудования, не включенных в другие группировки"
"31011"	"Производство стульев и другой мебели для сидения"
"31012"	"Производство мебели для офисов и предприятий торговли"
"31020"	"Производство кухонной мебели"
"31030"	"Производство матрасов"
"31090"	"Производство прочей мебели"
"32110"	"Чеканка/выпуск монет и медалей"
"32120"	"Производство ювелирных изделий"
"32130"	"Производство бижутерии и аналогичных изделий"
"32200"	"Производство музыкальных инструментов (без ремонта)"
"32300"	"Производство спортивных товаров"
"32400"	"Производство игр и игрушек"
"32501"	"Производство цементов, используемых в медицине"
"32502"	"Производство медицинских инструментов, аппаратов  и оборудования"
"32503"	"Производство хирургических и ортопедических приспособлений"
"32504"	"Производство медицинской, хирургической, стоматологической и ветеринарной мебели"
"32910"	"Производство метел и щеток"
"32991"	"Производство канцелярских изделий"
"32992"	"Производство изделий металлической галантереи"
"32993"	"Производство сувенирных изделий"
"32999"	"Производство прочих изделий"
"33111"	"Ремонт металлических цистерн, резервуаров и контейнеров"
"33112"	"Ремонт радиаторов и котлов центрального отопления"
"33113"	"Ремонт паровых котлов, кроме котлов центрального отопления"
"33114"	"Ремонт огнестрельного оружия и артиллерийский орудий"
"33115"	"Ремонт металлических бочек  и аналогичных емкостей"
"33119"	"Ремонт прочих металлических изделий"
"33121"	"Ремонт и техническое обслуживание механического оборудования"
"33122"	"Ремонт и техническое обслуживание прочего оборудования общего назначения"
"33123"	"Ремонт и техническое обслуживание машин и оборудования для сельского и лесного хозяйства"
"33124"	"Ремонт и техническое обслуживание станков"
"33125"	"Ремонт и техническое обслуживание прочих машин и оборудования специального назначения"
"33126"	"Ремонт и техническое обслуживание офисных машин и вычислительной техники"
"33131"	"Ремонт и техническое обслуживание инструментов и приборов для измерения, тестирования и навигации"
"33132"	"Ремонт контрольного оборудования"
"33133"	"Ремонт и техническое обслуживание облучающего, электромедицинского и электротерапевтического оборудования"
"33134"	"Ремонт и техническое обслуживание оптических приборов и фотографического оборудования"
"33141"	"Ремонт и техническое обслуживание электромоторов, генераторов и трансформаторов"
"33142"	"Ремонт и техническое обслуживание электрораспределительной и регулирующей аппаратуры"
"33143"	"Ремонт и техническое обслуживание электроосветительного оборудования"
"33149"	"Ремонт и технический уход прочего электрооборудования, не включенного в другие категории"
"33151"	"Ремонт и техническое обслуживание кораблей"
"33152"	"Ремонт и техническое обслуживание спортивных и прогулочных лодок"
"33160"	"Ремонт и техническое обслуживание воздушных и космических судов"
"33171"	"Ремонт подвижного состава железных дорог"
"33172"	"Ремонт трамваев, вагонов метро и троллейбусов"
"33179"	"Ремонт прочих транспортных средств и оборудования, не включенных в другие группировки"
"33190"	"Ремонт прочего оборудования"
"33200"	"Монтаж промышленной техники и оборудования"
"35111"	"Производство электроэнергии тепловыми электростанциями"
"35112"	"Производство электроэнергии гидроэлектростанциями"
"35113"	"Производство электроэнергии ядерными (атомными) электростанциями"
"35114"	"Производство электроэнергии прочими электростанциями"
"35121"	"Передача электроэнергии"
"35122"	"Техническая диспетчеризация отпуска в сеть и потребления электрической энергии, организация балансирования производства-потребления электрической энергии"
"35123"	"Эксплуатационное обслуживание оборудования Национальной электрической сети"
"35124"	"Обеспечение готовности электрической мощности к несению нагрузки, регулирование и резервирование электрической мощности"
"35130"	"Распределение электроэнергии"
"35140"	"Продажа электроэнергии потребителю"
"35210"	"Производство газообразного топлива"
"35220"	"Распределение газообразного топлива по трубопроводам"
"35230"	"Продажа газообразного топлива по трубопроводам"
"35301"	"Производство тепловой энергии тепловыми сетями"
"35302"	"Производство тепловой энергии самостоятельными котельными"
"35303"	"Теплоснабжение"
"35304"	"Кондиционирование воздуха"
"35305"	"Производство тепловой энергии тепловыми электростанциями"
"36000"	"Сбор, обработка и распределение воды"
"37000"	"Канализационная система"
"38110"	"Сбор неопасных отходов"
"38120"	"Сбор опасных отходов"
"38210"	"Обработка и удаление неопасных отходов"
"38220"	"Обработка и удаление опасных отходов"
"38310"	"Ликвидация отходов"
"38321"	"Переработка отходов и лома черных металлов"
"38322"	"Переработка отходов и лома цветных металлов"
"38323"	"Обработка неметаллических отходов"
"39000"	"Рекультивация и прочие услуги в области удаления отходов"
"41100"	"Разработка строительных проектов"
"41201"	"Строительство жилых зданий"
"41202"	"Строительство нежилых зданий, за исключением стационарных торговых объектов категории 1"
"41203"	"Строительство стационарных торговых объектов категории 1"
"42111"	"Строительство дорог и автомагистралей"
"42112"	"Деятельность по организации строительства, реконструкции, ремонта и эксплуатации, платного движения на автомобильных дорогах (участках) общего пользования международного и республиканского значения, а также их текущий ремонт и содержание"
"42120"	"Строительство железных дорог и метро"
"42130"	"Строительство мостов и туннелей"
"42211"	"Строительство нефтяных и газовых магистральных трубопроводов"
"42212"	"Строительство трубопроводов для систем водоснабжения и канализации"
"42219"	"Строительство прочих распределительных инженерных сооружений"
"42220"	"Строительство распределительных объектов для обеспечения электроэнергией и телекоммуникациями"
"42910"	"Строительство водных сооружений"
"42990"	"Строительство прочих инженерных сооружений, не включенных в другие группировки"
"43110"	"Разборка и снос зданий"
"43121"	"Земляные работы"
"43122"	"Взрывные работы"
"43123"	"Специальные работы в грунтах"
"43130"	"Разведочное бурение"
"43211"	"Электротехнические и монтажные работы по прокладке  телекоммуникационных, компьютерных и телевизионных сетей"
"43219"	"Прочие электротехнические и монтажные работы"
"43220"	"Монтаж систем водоснабжения, отопления и кондиционирования воздуха"
"43291"	"Изоляционные работы"
"43298"	"Прочие строительно-монтажные работы"
"43299"	"Пуск и наладка смонтированного оборудования"
"43310"	"Штукатурные работы"
"43320"	"Столярные и плотницкие работы"
"43330"	"Работы по покрытию полов и облицовке стен"
"43340"	"Малярные и стекольные работы"
"43390"	"Прочие отделочные работы"
"43910"	"Кровельные работы"
"43991"	"Строительство шахт"
"43992"	"Водохозяйственное строительство и культурно-технические работы"
"43993"	"Аренда строительного оборудования с оператором"
"43999"	"Прочие строительные работы, требующие специальных профессий"
"45111"	"Оптовая продажа автомобилей и легковых автотранспортных средств"
"45112"	"Розничная продажа автомобилей и легковых автотранспортных средств"
"45113"	"Розничная продажа автомобилей и легковых автотранспортных средств в торговых объектах с торговой площадью более 2000 кв.м (2000 кв.м и выше)"
"45191"	"Оптовая продажа прочих автотранспортных средств"
"45192"	"Розничная продажа прочих автотранспортных средств"
"45193"	"Розничная продажа прочих автотранспортных средств в торговых объектах с торговой площадью более 2000 кв.м (2000 кв.м и выше)"
"45200"	"Техобслуживание и ремонт автотранспортных средств"
"45310"	"Оптовая торговля запасными частями и принадлежностями для автомобилей"
"45321"	"Розничная торговля запасными частями и принадлежностями для автомобилей"
"45322"	"Розничная торговля запасными частями и принадлежностями для автомобилей в торговых объектах с торговой площадью более 2000 кв.м (2000 кв.м и выше)"
"45401"	"Оптовая продажа мотоциклов, мотороллеров, деталей и принадлежностей к ним"
"45402"	"Розничная продажа мотоциклов, мотороллеров, деталей и принадлежностей к ним"
"45403"	"Техническое обслуживание и ремонт мотоциклов  и мотороллеров"
"46110"	"Деятельность агентов по торговле сельскохозяйственным сырьем, живыми животными, текстильным сырьем и полуфабрикатами"
"46120"	"Деятельность агентов по торговле топливом, рудами, металлами и химическими веществами"
"46130"	"Деятельность агентов по торговле древесиной и строительными материалами"
"46140"	"Деятельность агентов по торговле машинами, оборудованием, промышленным оборудованием, морскими и воздушными судами"
"46150"	"Деятельность агентов по торговле мебелью, бытовыми товарами, скобяными и прочими металлическими изделиями"
"46160"	"Деятельность агентов по торговле текстильными изделиями, одеждой, обувью, изделиями из кожи и меха"
"46170"	"Деятельность агентов по торговле пищевыми продуктами, включая напитки, и табачными изделиями"
"46180"	"Деятельность агентов, специализирующихся на торговле отдельными видами товаров или группами товаров, не включенными в другие группировки"
"46190"	"Деятельность агентов по торговле товарами широкого ассортимента"
"46211"	"Оптовая торговля зерном, семенами и кормами для животных"
"46212"	"Оптовая торговля необработанным табаком"
"46220"	"Оптовая торговля цветами и другими растениями"
"46230"	"Оптовая торговля живыми животными"
"46240"	"Оптовая торговля шкурами и кожей"
"46310"	"Оптовая торговля фруктами и овощами"
"46320"	"Оптовая торговля мясом и мясными продуктами"
"46330"	"Оптовая торговля молочными продуктами, яйцами и пищевыми маслами и жирами"
"46341"	"Оптовая торговля напитками"
"46342"	"Оптовая торговля напитками в магазинах, являющихся торговыми объектами, с торговой площадью более 2000 кв.м (2000 кв.м и выше), включая оптово-продовольственные распределительные центры"
"46350"	"Оптовая торговля табачными изделиями"
"46360"	"Оптовая торговля сахаром, шоколадом и сахаристыми кондитерскими изделиями"
"46370"	"Оптовая торговля кофе, чаем, какао и пряностями"
"46381"	"Оптовая торговля рыбой и рыбными продуктами"
"46389"	"Оптовая торговля прочими продуктами питания"
"46390"	"Неспециализированная оптовая торговля продуктами питания, напитками и табачными изделиями"
"46410"	"Оптовая торговля текстильными товарами"
"46421"	"Оптовая торговля трикотажными и чулочно-носочными изделиями"
"46422"	"Оптовая торговля одеждой, кроме трикотажных и чулочно-носочных изделий"
"46423"	"Оптовая торговля обувью"
"46431"	"Оптовая торговля электробытовой техникой"
"46432"	"Оптовая торговля радиоэлектронной аппаратурой"
"46440"	"Оптовая торговля фарфором, стеклянной посудой и чистящими средствами"
"46450"	"Оптовая торговля парфюмерией и косметикой"
"46461"	"Оптовая торговля фармацевтическими товарами"
"46462"	"Оптовая реализация фармацевтических и медицинских товаров в рамках гарантированного объема бесплатной медицинской помощи"
"46463"	"Оптовая торговля медицинской техникой и ортопедическими  изделиями"
"46470"	"Оптовая торговля мебелью, коврами и осветительным оборудованием"
"46480"	"Оптовая торговля часами и ювелирными украшениями"
"46491"	"Оптовая торговля школьно-письменными принадлежностями"
"46492"	"Оптовая торговля музыкальными инструментами и другими культтоварами"
"46499"	"Оптовая торговля прочими непродовольственными товарами широкого потребления"
"46510"	"Оптовая торговля компьютерами, периферийным компьютерным оборудованием и программным обеспечением"
"46520"	"Оптовая торговля электронным и телекоммуникационным оборудованием и запчастями к нему"
"46610"	"Оптовая торговля сельскохозяйственной техникой, оборудованием и запасными частями"
"46620"	"Оптовая торговля механическими станками"
"46630"	"Оптовая торговля техникой для горнодобычи и гражданского строительства"
"46640"	"Оптовая торговля техникой для текстильного, швейного и трикотажного производств"
"46650"	"Оптовая торговля офисной мебелью"
"46660"	"Оптовая торговля прочей офисной техникой и оборудованием"
"46690"	"Оптовая торговля прочей техникой и оборудованием"
"46711"	"Оптовая торговля сырой нефтью и попутным газом"
"46712"	"Оптовая торговля природным (горючим) газом"
"46713"	"Оптовая торговля каменным углем"
"46714"	"Оптовая торговля лигнитом (бурым углем)"
"46715"	"Оптовая торговля авиационным бензином и керосином"
"46716"	"Оптовая торговля автомобильным бензином"
"46717"	"Оптовая торговля дизельным топливом"
"46718"	"Оптовая торговля мазутом топочным"
"46719"	"Оптовая торговля прочим топливом"
"46721"	"Оптовая торговля рудами черных и цветных металлов"
"46722"	"Оптовая торговля чугуном, сталью и их литьем"
"46723"	"Оптовая торговля редкоземельными и цветными металлами и их литьем"
"46724"	"Оптовая торговля драгоценными металлами"
"46731"	"Оптовая торговля стеклом строительным"
"46732"	"Оптовая торговля цементом, песком и гравием"
"46733"	"Оптовая торговля изделиями из бетона, цемента, гипса и аналогичных материалов"
"46734"	"Оптовая торговля лакокрасочной продукцией, обоями и напольными покрытиями"
"46735"	"Оптовая торговля древесиной и продукцией обработки древесины"
"46736"	"Оптовая торговля строительными металлическими конструкциями"
"46737"	"Оптовая торговля сантехническим оборудованием"
"46738"	"Оптовая торговля стеновыми блоками"
"46740"	"Оптовая торговля металлическими изделиями, водопроводным и отопительным оборудованием и инвентарем"
"46751"	"Оптовая торговля химическими веществами и химическими продуктами"
"46752"	"Оптовая торговля резинотехническими изделиями"
"46753"	"Оптовая торговля минеральными удобрениями"
"46754"	"Оптовая торговля пестицидами и прочими агрохимическими продуктами"
"46761"	"Оптовая торговля пластическими массами в первичной форме и синтетическим каучуком"
"46762"	"Оптовая торговля прочими промежуточными продуктами"
"46763"	"Оптовая торговля драгоценными камнями"
"46771"	"Оптовая торговля ломом и отходами черных и цветных металлов"
"46772"	"Оптовая торговля ломом драгоценных металлов и драгоценных камней"
"46779"	"Оптовая торговля прочими неметаллическими отходами и неметаллическим ломом"
"46901"	"Оптовая торговля полудрагоценными камнями"
"46902"	"Оптовая торговля мореным дубом"
"46903"	"Оптовая торговля широким ассортиментом товаров без какой-либо конкретизации в торговых объектах с торговой площадью более 2000 кв.м (2000 кв.м и выше), включая оптово-продовольственные распределительные центры"
"46904"	"Оптовая торговля оборудованием и материалами, бывшими в употреблении"
"46908"	"Специализированная оптовая торговля товарами, не включенными в другие группировки"
"46909"	"Оптовая торговля широким ассортиментом товаров без какой-либо конкретизации"
"47111"	"Розничная торговля преимущественно продуктами питания, включая напитки и табачными изделиями в неспециализированных магазинах"
"47112"	"Розничная торговля преимущественно продуктами питания, включая напитки и табачными изделиями, в неспециализированных магазинах, являющихся торговыми объектами, с торговой площадью более 2000 кв.м (2000 кв.м и выше)"
"47191"	"Прочая розничная торговля в неспециализированных магазинах"
"47192"	"Прочая розничная торговля в неспециализированных магазинах, являющихся торговыми объектами, с торговой площадью более 2000 кв.м (2000 кв.м и выше)"
"47211"	"Розничная торговля фруктами и овощами в специализированных магазинах"
"47212"	"Розничная торговля фруктами и овощами в специализированных магазинах, являющихся  торговыми объектами, с торговой площадью более 2000 кв.м (2000 кв.м и выше)"
"47221"	"Розничная торговля домашней птицей, дичью и изделиями из них в специализированных магазинах"
"47222"	"Розничная торговля домашней птицей, дичью и изделиями из них в специализированных магазинах, являющихся торговыми объектами, с торговой площадью более 2000 кв.м (2000 кв.м и выше)"
"47223"	"Прочая розничная торговля мясом и мясными продуктами в специализированных магазинах, являющихся торговыми объектами, с торговой площадью более 2000 кв.м (2000 кв.м и выше)"
"47229"	"Прочая розничная торговля мясом и мясными продуктами в специализированных магазинах"
"47231"	"Розничная торговля рыбой, ракообразными и моллюсками в специализированных магазинах"
"47232"	"Розничная торговля рыбой, ракообразными и моллюсками в специализированных магазинах, являющихся торговыми объектами, с торговой площадью более 2000 кв.м (2000 кв.м и выше)"
"47241"	"Розничная торговля хлебобулочными, мучными и сахаристыми кондитерскими изделиями в специализированных магазинах"
"47242"	"Розничная торговля хлебобулочными, мучными и сахаристыми кондитерскими изделиями в специализированных магазинах, являющихся  торговыми объектами, с торговой площадью более 2000 кв.м (2000 кв.м и выше)"
"47251"	"Розничная торговля напитками в специализированных магазинах"
"47252"	"Розничная торговля напитками в специализированных магазинах, являющихся  торговыми объектами, с торговой площадью более 2000 кв.м (2000 кв.м и выше)"
"47261"	"Розничная торговля табачными изделиями в специализированных магазинах"
"47262"	"Розничная торговля табачными изделиями в специализированных магазинах, являющихся  торговыми объектами, с торговой площадью более 2000 кв.м (2000 кв.м и выше)"
"47291"	"Прочие виды розничной торговли продуктами питания в специализированных магазинах"
"47292"	"Прочие виды розничной торговли продуктами питания в специализированных магазинах, являющихся торговыми объектами, с торговой площадью более 2000 кв.м (2000 кв.м и выше)"
"47301"	"Розничная торговля моторным топливом в специализированных магазинах"
"47302"	"Розничная торговля смазочными материалами"
"47411"	"Розничная торговля компьютерами, периферийным оборудованием и программным обеспечением в специализированных магазинах"
"47412"	"Розничная торговля компьютерами, периферийным оборудованием и программным обеспечением в специализированных магазинах, являющихся  торговыми объектами, с торговой площадью более 2000 кв.м (2000 кв.м и выше)"
"47421"	"Розничная торговля телекоммуникационным оборудованием в специализированных магазинах"
"47422"	"Розничная торговля телекоммуникационным оборудованием в специализированных магазинах, являющихся торговыми объектами, с торговой площадью более 2000 кв.м (2000 кв.м и выше)"
"47431"	"Розничная торговля аудио и видео техникой в специализированных магазинах"
"47432"	"Розничная торговля аудио и видео техникой в специализированных магазинах, являющихся  торговыми объектами, с торговой площадью более 2000 кв.м (2000 кв.м и выше)"
"47511"	"Розничная торговля текстильными изделиями в специализированных магазинах"
"47512"	"Розничная торговля текстильными изделиями в специализированных магазинах, являющихся  торговыми объектами, с торговой площадью более 2000 кв.м (2000 кв.м и выше)"
"47521"	"Розничная торговля скобяными изделиями, лакокрасочными материалами и стеклом в специализированных магазинах"
"47522"	"Розничная торговля скобяными изделиями, лакокрасочными материалами и стеклом в специализированных магазинах, являющихся  торговыми объектами, с торговой площадью более 2000 кв.м (2000 кв.м и выше)"
"47531"	"Розничная торговля коврами, ковровыми изделиями, а также настенными и напольными покрытиями в специализированных магазинах"
"47532"	"Розничная торговля коврами, ковровыми изделиями, а также настенными и напольными покрытиями в специализированных магазинах, являющихся  торговыми объектами, с торговой площадью более 2000 кв.м (2000 кв.м и выше)"
"47541"	"Розничная торговля электрическими бытовыми приборами в специализированных магазинах"
"47542"	"Розничная торговля электрическими бытовыми приборами в специализированных магазинах, являющихся торговыми объектами, с торговой площадью более 2000 кв.м (2000 кв.м и выше)"
"47591"	"Розничная торговля мебелью в специализированных магазинах"
"47592"	"Розничная торговля музыкальными инструментами и партитурами в специализированных магазинах"
"47593"	"Розничная торговля мебелью в специализированных магазинах, являющихся торговыми объектами, с торговой площадью более 2000 кв.м (2000 кв.м и выше)"
"47594"	"Розничная торговля музыкальными инструментами и партитурами в специализированных магазинах, являющихся торговыми объектами, с торговой площадью более 2000 кв.м (2000 кв.м и выше)"
"47595"	"Розничная торговля осветительными приборами и бытовыми изделиями, не включенными в другие категории в магазинах, являющихся торговыми объектами, с торговой площадью более 2000 кв.м (2000 кв.м и выше)"
"47599"	"Розничная торговля осветительными приборами и бытовыми изделиями, не включенными в другие категории"
"47611"	"Розничная торговля книгами в специализированных магазинах"
"47612"	"Розничная торговля книгами в специализированных магазинах, являющихся торговыми объектами, с торговой площадью более 2000 кв.м (2000 кв.м и выше)"
"47621"	"Розничная торговля газетами и канцелярскими товарами в специализированных магазинах"
"47622"	"Розничная торговля газетами и канцелярскими товарами в специализированных магазинах, являющихся торговыми объектами, с торговой площадью более 2000 кв.м (2000 кв.м и выше)"
"47631"	"Розничная торговля аудио и видеозаписями в специализированных магазинах"
"47632"	"Розничная торговля аудио и видеозаписями в специализированных магазинах, являющихся  торговыми объектами, с торговой площадью более 2000 кв.м (2000 кв.м и выше)"
"47641"	"Розничная торговля спортивным оборудованием в специализированных магазинах"
"47642"	"Розничная торговля спортивным оборудованием в специализированных магазинах, являющихся  торговыми объектами, с торговой площадью более 2000 кв.м (2000 кв.м и выше)"
"47651"	"Розничная торговля играми и игрушками в специализированных магазинах"
"47652"	"Розничная торговля играми и игрушками в специализированных магазинах, являющихся  торговыми объектами, с торговой площадью более 2000 кв.м (2000 кв.м и выше)"
"47711"	"Розничная торговля трикотажными и чулочно-носочными изделиями в специализированных магазинах"
"47712"	"Розничная торговля одеждой, кроме трикотажных и чулочно-носочных изделий, в специализированных магазинах"
"47713"	"Розничная торговля трикотажными и чулочно-носочными изделиями в специализированных магазинах, являющихся торговыми объектами, с торговой площадью более 2000 кв.м (2000 кв.м и выше)"
"47714"	"Розничная торговля одеждой, кроме трикотажных и чулочно-носочных изделий, в специализированных магазинах, являющихся торговыми объектами, с торговой площадью более 2000 кв.м (2000 кв.м и выше)"
"47721"	"Розничная торговля обувью в специализированных магазинах"
"47722"	"Розничная торговля кожаными изделиями в специализированных магазинах"
"47723"	"Розничная торговля обувью в специализированных магазинах, являющихся торговыми объектами, с торговой площадью более 2000 кв.м (2000 кв.м и выше)"
"47724"	"Розничная торговля кожаными изделиями в специализированных магазинах, являющихся  торговыми объектами, с торговой площадью более 2000 кв.м (2000 кв.м и выше)"
"47731"	"Розничная торговля фармацевтическими товарами в специализированных магазинах"
"47732"	"Розничная торговля фармацевтическими товарами в специализированных магазинах, являющихся  торговыми объектами, с торговой площадью более 2000 кв.м (2000 кв.м и выше)"
"47741"	"Розничная торговля медицинскими и ортопедическими товарами в специализированных магазинах"
"47742"	"Розничная торговля медицинскими и ортопедическими товарами в специализированных магазинах, являющихся торговыми объектами, с торговой площадью более 2000 кв.м (2000 кв.м и выше)"
"47751"	"Розничная торговля косметическими товарами и предметами гигиены в специализированных магазинах"
"47752"	"Розничная торговля косметическими товарами и предметами гигиены в специализированных магазинах, являющихся торговыми объектами, с торговой площадью более 2000 кв.м (2000 кв.м и выше)"
"47761"	"Розничная торговля цветами в специализированных магазинах"
"47762"	"Розничная торговля семенами и удобрениями в специализированных магазинах"
"47763"	"Розничная торговля домашними животными и кормами для домашних животных в специализированных магазинах"
"47764"	"Розничная торговля цветами в специализированных магазинах, являющихся торговыми объектами, с торговой площадью более 2000 кв.м (2000 кв.м и выше)"
"47765"	"Розничная торговля семенами и удобрениями в специализированных магазинах, являющихся  торговыми объектами, с торговой площадью более 2000 кв.м (2000 кв.м и выше)"
"47766"	"Розничная торговля домашними животными и кормами для домашних животных в специализированных магазинах, являющихся  торговыми объектами, с торговой площадью более 2000 кв.м (2000 кв.м и выше)"
"47771"	"Розничная торговля часами и ювелирными украшениями в специализированных магазинах"
"47772"	"Розничная торговля часами и ювелирными украшениями в специализированных магазинах, являющихся торговыми объектами, с торговой площадью более 2000 кв.м (2000 кв.м и выше)"
"47781"	"Розничная торговля фотографическим, оптическим и точным оборудованием в специализированных магазинах"
"47782"	"Розничная торговля велосипедами в специализированных магазинах"
"47783"	"Розничная торговля фотографическим, оптическим и точным оборудованием в специализированных магазинах, являющихся торговыми объектами, с торговой площадью более 2000 кв.м (2000 кв.м и выше)"
"47784"	"Розничная торговля велосипедами в специализированных магазинах, являющихся  торговыми объектами, с торговой площадью более 2000 кв.м (2000 кв.м и выше)"
"47785"	"Прочая розничная торговля в специализированных магазинах, являющихся торговыми объектами, с торговой площадью более 2000 кв.м (2000 кв.м и выше)"
"47789"	"Прочая розничная торговля в специализированных магазинах"
"47791"	"Розничная торговля подержанными товарами в магазинах"
"47792"	"Розничная торговля подержанными товарами в  магазинах, являющихся торговыми объектами, с торговой площадью более 2000 кв.м (2000 кв.м и выше)"
"47811"	"Розничная торговля продуктами питания, напитками и табачными изделиями в торговых палатках, ларьках и киосках"
"47812"	"Розничная торговля продуктами питания, напитками и табачными изделиями на рынке"
"47821"	"Розничная торговля одеждой, обувью и тканями в торговых палатках, ларьках и киосках"
"47822"	"Розничная торговля одеждой, обувью и тканями на рынке"
"47891"	"Розничная торговля прочими товарами в торговых палатках, ларьках и киосках"
"47892"	"Розничная торговля прочими товарами на рынке"
"47910"	"Розничная торговля через фирмы, выполняющие заказы по почте и через Интернет"
"47991"	"Развозная и разносная розничная торговля"
"47992"	"Розничная торговля через сетевой маркетинг"
"47999"	"Прочая розничная торговля не в магазинах"
"49100"	"Пассажирский железнодорожный транспорт, междугородний"
"49200"	"Грузовой железнодорожный транспорт"
"49311"	"Перевозки автобусами"
"49312"	"Перевозки трамваями"
"49313"	"Перевозки троллейбусами"
"49314"	"Перевозки метрополитеном"
"49319"	"Перевозки прочими видами транспорта, подчиняющегося расписанию"
"49320"	"Деятельность такси"
"49390"	"Прочие виды наземных пассажирских перевозок, не отнесенные к другим категориям"
"49410"	"Грузовые перевозки автомобильным транспортом"
"49420"	"Услуги по перевозкам"
"49500"	"Транспортирование по трубопроводу"
"50100"	"Морской и прибрежный пассажирский транспорт"
"50200"	"Морской и прибрежный грузовой транспорт"
"50300"	"Речной пассажирский транспорт"
"50401"	"Речной грузовой транспорт"
"50402"	"Лесосплав"
"51101"	"Деятельность  воздушного пассажирского транспорта, подчиняющегося расписанию"
"51102"	"Деятельность  воздушного пассажирского транспорта, не подчиняющегося расписанию"
"51211"	"Деятельность грузового воздушного транспорта, подчиняющего расписанию"
"51212"	"Деятельность грузового воздушного транспорта, не подчиняющего расписанию"
"51220"	"Транспортная космическая система"
"52101"	"Складирование и хранение зерна"
"52102"	"Складирование и хранение непродовольственных товаров, кроме зерна"
"52103"	"Складирование и хранение продовольственных товаров"
"52211"	"Эксплуатация железных дорог"
"52212"	"Эксплуатация автомобильных дорог"
"52213"	"Услуги терминалов"
"52214"	"Услуги по хранению транспортных средств, принадлежащих гражданам"
"52215"	"Эксплуатация магистральных и иных трубопроводов, в том числе водоводов"
"52216"	"Услуги по подсоединению (подключению) трубопровода к действующим магистральным и иным трубопроводам"
"52219"	"Прочие услуги в области сухопутного транспорта"
"52220"	"Услуги в области водного транспорта"
"52231"	"Регулирование использования воздушного пространства"
"52239"	"Прочая деятельность, относящаяся к пассажирским и грузовым перевозкам"
"52240"	"Транспортная обработка грузов"
"52291"	"Транспортно-экспедиционные  услуги"
"52292"	"Технический надзор на транспорте"
"52299"	"Прочая транспортно-экспедиционная деятельность"
"53100"	"Почтовые услуги в соответствии с обязательствами по предоставлению услуг в зоне всеобщего охвата"
"53200"	"Прочая почтовая и курьерская деятельность"
"55101"	"Предоставление услуг гостиницами с ресторанами"
"55102"	"Предоставление услуг гостиницами без ресторанов"
"55103"	"Предоставление гостиничных услуг с ресторанами для официальных мероприятий"
"55200"	"Предоставление жилья на выходные и прочие периоды краткосрочного проживания"
"55300"	"Площадки для кемпинга, рекреационные автопарки и трейлерные парки"
"55900"	"Другие виды жилья"
"56100"	"Рестораны и услуги по доставке продуктов питания"
"56210"	"Доставка пищи на заказ"
"56291"	"Прочие виды организации питания вне населенных пунктов"
"56292"	"Прочие виды организации питания в пассажирских поездах"
"56299"	"Прочие виды организации питания, не вошедшие в другие группировки"
"56300"	"Подача напитков"
"58110"	"Издание книг"
"58120"	"Издание справочников и списков подписчиков"
"58130"	"Издание газет"
"58140"	"Издание журналов и периодических публикаций"
"58190"	"Прочие виды издательского дела"
"58210"	"Создание компьютерных игр"
"58290"	"Издание прочего программного обеспечения"
"59110"	"Деятельность по производству кино-, видеофильмов и телевизионных программ"
"59120"	"Пост производственный этап изготовления кинофильмов, видео  и телевизионных программ"
"59130"	"Деятельность по распространению кинофильмов, видео и телевизионных программ"
"59140"	"Деятельность по показу кинофильмов"
"59200"	"Деятельность по изданию фонограмм и музыкальных записей"
"60100"	"Радиовещание"
"60200"	"Деятельность по созданию и трансляции телевизионных программ"
"61101"	"Проводная телекоммуникационная связь для государственных органов посредством единой транспортной среды"
"61109"	"Прочая проводная телекоммуникационная связь"
"61201"	"Беспроводная телекоммуникационная связь для государственных органов посредством единой транспортной среды"
"61202"	"Организация вещания теле-, радиопрограмм посредством сети национального оператора телерадиовещания"
"61209"	"Прочая беспроводная телекоммуникационная связь"
"61301"	"Деятельность в области спутниковых телекоммуникаций для государственных органов посредством единой транспортной среды"
"61302"	"Деятельность в области спутниковых телекоммуникаций для целей телерадиовещания"
"61303"	"Деятельность в области спутниковых телекоммуникаций для организации связи"
"61901"	"Деятельность по распространению телерадиопрограмм  посредством  сети Интернет"
"61909"	"Прочие виды телекоммуникационных услуг"
"62011"	"Разработка программного обеспечения"
"62012"	"Сопровождение программного обеспечения"
"62021"	"Консультационные  и практические услуги в области информационных технологий"
"62022"	"Планирование и разработка коммерческих информационных систем"
"62031"	"Деятельность по управлению информационно-коммуникационной инфраструктурой  в рамках формирования и развития государственных электронных информационных ресурсов и систем"
"62032"	"Деятельность по управлению информационно-коммуникационным оборудованием"
"62091"	"Другие виды деятельности в области информационных технологий и информационных систем в рамках автоматизации функций оказания услуг государственных органов, учреждений и организаций"
"62092"	"Другие виды деятельности в области информационных технологий и информационных систем"
"63111"	"Услуги по размещению и переработке данных"
"63112"	"Информационно-методологическое обеспечение с сопровождением информационных систем и баз данных"
"63120"	"Веб-порталы"
"63910"	"Деятельность информационных агентств"
"63991"	"Прочие виды деятельности, связанные с предоставлением компьютеризированных услуг телефонной связи"
"63999"	"Прочие виды деятельности информационных агентств"
"64110"	"Деятельность центрального банка"
"64191"	"Деятельность банков, за исключением, банка, являющегося национальным институтом развития, и его дочерней организации-лизингодателя"
"64192"	"Деятельность сберегательных банков"
"64193"	"Деятельность банка, являющегося национальным институтом развития, и его дочерней организации-лизингодателя"
"64199"	"Денежное посредничество прочих финансовых учреждений"
"64200"	"Деятельность холдинговых компаний"
"64300"	"Тресты, фонды и другие подобные финансовые объекты"
"64911"	"Финансовый лизинг, кроме финансового лизинга медицинского оборудования и техники"
"64912"	"Финансовый лизинг медицинского оборудования и техники"
"64921"	"Деятельность ломбардов"
"64922"	"Деятельность специальных фондов финансовой поддержки инициатив субъектов частного предпринимательства"
"64929"	"Прочие виды кредитования"
"64991"	"Финансово-экономические услуги, оказываемые субъектам индустриально-инновационной деятельности и агропромышленного комплекса"
"64992"	"Другие финансовые услуги, финансирование в различных отраслях экономики, инвестиционная деятельность"
"64999"	"Другие виды финансовых услуг, за исключением, услуг страховых и пенсионных фондов, не отнесенные к прочим группировкам"
"65111"	"Государственное страхование жизни"
"65112"	"Негосударственное страхование жизни"
"65121"	"Государственное страхование ущерба"
"65122"	"Негосударственное страхование ущерба"
"65200"	"Перестрахование"
"65301"	"Государственное пенсионное обеспечение"
"65302"	"Негосударственное пенсионное обеспечение"
"66111"	"Деятельность товарных бирж"
"66112"	"Деятельность, связанная с управлением финансовыми рынками"
"66120"	"Брокерские услуги по контрактам на ценные бумаги и товары"
"66190"	"Прочая вспомогательная деятельность по предоставлению финансовых услуг, кроме страхования и пенсионного обеспечения"
"66210"	"Оценка рисков и ущерба"
"66220"	"Деятельность страховых агентов и брокеров"
"66290"	"Прочая вспомогательная деятельность по страхованию и пенсионному обеспечению"
"66300"	"Управление фондами"
"68101"	"Купля и продажа многоквартирных и жилых домов (особняков)"
"68102"	"Купля и продажа прочей недвижимости"
"68201"	"Аренда и управление собственной недвижимостью"
"68202"	"Аренда (субаренда) и эксплуатация арендуемой недвижимости"
"68203"	"Аренда и эксплуатация торгового рынка"
"68311"	"Посреднические услуги при купле-продаже и сдаче внаем недвижимого имущества производственно-технического назначения"
"68312"	"Посреднические услуги при купле-продаже и сдаче внаем жилья и другого недвижимого имущества непроизводственного назначения"
"68321"	"Управление недвижимостью за вознаграждение или на договорной основе"
"68322"	"Обеспечение мер при эксплуатаций «Эталонного центра»"
"69101"	"Деятельность юридических консультаций адвокатов (включая частнопрактикующих адвокатов"
"69102"	"Нотариальная деятельность"
"69109"	"Прочая деятельность в области права"
"69200"	"Деятельность в области бухгалтерского учета и аудита; консультации по налогообложению"
"70101"	"Деятельность головных компаний, связанная с реализацией государственной политики индустриально-инновационного развития"
"70109"	"Деятельность прочих головных компаний"
"70210"	"Деятельность по взаимоотношениям и связью с общественностью"
"70221"	"Консультирование по вопросам коммерческой деятельности и управления"
"70222"	"Консультативное сопровождение концессионных проектов и проектов государственно-частного партнерства"
"71111"	"Деятельность в области архитектуры для объектов атомной промышленности и атомной энергетики"
"71112"	"Деятельность в области архитектуры, за исключением объектов атомной промышленности и атомной энергетики"
"71121"	"Деятельность в области инженерных изысканий и предоставление технических консультаций в этой области, за исключением объектов атомной промышленности и атомной энергетики"
"71122"	"Деятельность по проведению геологической разведки и изысканий (без научных исследований и разработок)"
"71123"	"Геодезическая служба"
"71124"	"Землеустройство"
"71125"	"Услуги в области картографии"
"71126"	"Деятельность в области инженерных изысканий и предоставление технических консультаций в этой области для объектов атомной промышленности и атомной энергетики"
"71201"	"Деятельность санитарно-эпидемиологических учреждений"
"71202"	"Деятельность учреждений санитарного просвещения"
"71203"	"Деятельность нефтеперерабатывающих заводов по осуществлению лабораторных испытаний и анализов"
"71204"	"Лабораторно-аналитические исследования в геологической отрасли"
"71209"	"Деятельность прочих учреждений, осуществляющих технические испытания и анализы"
"72110"	"Научные исследования и экспериментальные разработки в области биотехнологий"
"72191"	"Научные исследования и экспериментальные разработки в области проектирования, строительства, ремонта, содержания и диагностики автомобильных дорог и мостовых сооружений"
"72192"	"Научно-исследовательские, опытно-методические и опытно-конструкторские работы в геологической отрасли"
"72193"	"Научные исследования и разработки в области космической деятельности"
"72194"	"Исследования и экспериментальные разработки в области мирного использования атомной энергии"
"72195"	"Исследования и разработки в области противоинфекционных препаратов"
"72199"	"Прочие исследования и разработки в области естественных наук и инженерии"
"72201"	"Прикладные исследования в области общественных и гуманитарных наук, направленных на содействие развитию отечественных производств"
"72202"	"Прикладные исследования в области общественных и гуманитарных наук, направленных на развитие индустрии"
"72203"	"Исследования и экспериментальные разработки в области обороны и национальной безопасности"
"72204"	"Междисциплинарные исследования и разработки в области экономического, бюджетного и стратегического планирования"
"72209"	"Исследования и экспериментальные разработки в области общественных и гуманитарных наук, не включенные в другие группировки"
"73110"	"Деятельность рекламных агентств"
"73120"	"Представление рекламы в средствах массовой информации"
"73200"	"Исследование конъюнктуры рынка и изучение общественного мнения"
"74100"	"Работы по проведению специализированного дизайна"
"74200"	"Деятельность в области фотографии"
"74300"	"Переводческое (устное и письменное) дело"
"74901"	"Деятельность гидрометеорологической службы"
"74902"	"Аккредитация в области оценки соответствия"
"74903"	"Деятельность ведомственных служб, занимающихся инновационными технологиями (медицинские, образовательные, консультационные и др.)"
"74909"	"Прочая профессиональная, научная и техническая деятельность, не включенная в другие категории"
"75000"	"Ветеринарная деятельность"
"77111"	"Аренда автомобилей и легковых автомобилей"
"77112"	"Лизинг автомобилей и легковых автомобилей"
"77121"	"Аренда грузовых автомобилей"
"77122"	"Лизинг грузовых автомобилей"
"77210"	"Прокат и аренда развлекательного и спортивного инвентаря"
"77220"	"Прокат видео записей и дисков"
"77290"	"Прокат и аренда прочих предметов личного потребления и бытовых товаров"
"77311"	"Аренда сельскохозяйственной техники и оборудования"
"77312"	"Лизинг сельскохозяйственной техники и оборудования"
"77321"	"Аренда строительной техники и оборудования для строительства гражданских объектов"
"77322"	"Лизинг строительной техники и оборудования для строительства гражданских объектов"
"77331"	"Аренда компьютерного и периферийного оборудования для инфотелекоммуникационной системы"
"77332"	"Лизинг компьютерного и периферийного оборудования для инфотелекоммуникационной системы"
"77338"	"Аренда прочих офисных машин и оборудования"
"77339"	"Лизинг прочих офисных машин и оборудования"
"77341"	"Аренда водных транспортных средств и оборудования"
"77342"	"Лизинг водных транспортных средств и оборудования"
"77351"	"Аренда воздушных транспортных средств и оборудования"
"77352"	"Лизинг воздушных транспортных средств и оборудования"
"77391"	"Аренда прочих машин, оборудования и материальных средств, не включенных в другие категории"
"77392"	"Лизинг прочих машин, оборудования и материальных средств, не включенных в другие категории"
"77400"	"Аренда интеллектуальной собственности и подобной продукции, за исключением работ с защищенными авторскими правами"
"78100"	"Деятельность агентств по трудоустройству"
"78200"	"Деятельность агентств по временному трудоустройству"
"78301"	"Деятельность прочих организаций по работе с персоналом, кроме организаций, учрежденных национальными компаниями"
"78302"	"Деятельность организаций, учрежденных национальными компаниями, по предоставлению технического и вспомогательного персонала для обслуживания стратегических объектов"
"79110"	"Деятельность туристских агентств"
"79120"	"Деятельность туристских операторов"
"79900"	"Прочие виды услуг по бронированию и сопутствующие им услуги"
"80101"	"Деятельность частных охранных служб"
"80102"	"Деятельность охранных организаций, учрежденных национальными компаниями"
"80200"	"Деятельность в области систем охраны"
"80300"	"Деятельность по расследованию"
"81100"	"Комплексное обслуживание объектов"
"81210"	"Общая уборка зданий"
"81220"	"Прочая деятельность по уборке зданий и промышленных объектов"
"81290"	"Прочие виды услуг по уборке"
"81300"	"Деятельность по благоустройству; пейзажное планирование"
"82110"	"Комплексное административно-управленческое обслуживание"
"82190"	"Фотокопировальные работы, подготовка документации и прочие виды специализированного конторского обслуживания"
"82200"	"Деятельность информационно-справочных служб"
"82300"	"Организация конференций и торговых выставок"
"82910"	"Деятельность агентств по сбору платежей и кредитных бюро"
"82920"	"Упаковывание"
"82990"	"Прочие виды вспомогательного обслуживания хозяйственной деятельности, не включенные в другие категории"
"84111"	"Деятельность республиканских органов управления"
"84112"	"Деятельность региональных органов управления"
"84113"	"Деятельность местных органов управления"
"84114"	"Деятельность сельских и поселковых органов управления"
"84115"	"Деятельность, связанная с налогообложением"
"84116"	"Деятельность таможни"
"84117"	"Деятельность в области статистики и социологии"
"84120"	"Регулирование деятельности учреждений, обеспечивающих медицинское обслуживание, образование, культурное обслуживание и другие социальные услуги, кроме социального обеспечения"
"84130"	"Регулирование и содействие эффективному ведению экономической деятельности"
"84210"	"Международная деятельность"
"84220"	"Оборонная деятельность"
"84230"	"Деятельность в области юстиции и правосудия"
"84240"	"Деятельность по обеспечению общественного порядка и безопасности"
"84250"	"Деятельность по обеспечению безопасности в чрезвычайных ситуациях"
"84300"	"Деятельность в области обязательного социального страхования"
"85100"	"Дошкольное (доначальное) образование"
"85200"	"Начальное образование (первая ступень)"
"85310"	"Основное и общее среднее образование"
"85321"	"Профессионально-техническое образование"
"85322"	"Среднее специальное образование"
"85410"	"Послесреднее образование"
"85420"	"Высшее образование"
"85510"	"Спортивное образование и образование специалистов организации досуга"
"85520"	"Образование в сфере культуры"
"85530"	"Деятельность школ подготовки водителей транспортных средств"
"85591"	"Деятельность вечерних общеобразовательных школ"
"85592"	"Виды образования, предоставляемые национальными компаниями и их дочерними организациями"
"85599"	"Прочие виды образования, не включенные в другие категории"
"85601"	"Вспомогательные образовательные услуги, предоставляемые национальными компаниями и их дочерними организациями"
"85609"	"Прочие вспомогательные образовательные услуги"
"86101"	"Деятельность больниц широкого профиля и специализированных больниц"
"86102"	"Деятельность родильных домов"
"86103"	"Деятельность санаторно-курортных организаций"
"86104"	"Деятельность лепрозориев"
"86109"	"Деятельность других лечебных учреждений, имеющих стационары"
"86210"	"Общая врачебная практика"
"86220"	"Специальная врачебная практика"
"86230"	"Стоматологическая деятельность"
"86900"	"Прочая деятельность по охране здоровья"
"87100"	"Учреждения по уходу за больными с обеспечением проживания"
"87200"	"Деятельность, связанная с проживанием для лиц с умственными и физическими недостатками, психиатрическими заболеваниями и наркологическими расстройствами"
"87300"	"Деятельность по уходу за престарелыми и инвалидами с обеспечением проживания"
"87900"	"Прочие виды деятельности по уходу на дому, не включенные в другие категории"
"88100"	"Предоставление социальных услуг без обеспечения проживания для престарелых и инвалидов"
"88910"	"Дневной уход за детьми"
"88990"	"Прочие социальные услуги без обеспечения проживания, не включенные в другие категории"
"90011"	"Театральная деятельность"
"90012"	"Концертная деятельность"
"90013"	"Деятельность цирков"
"90020"	"Техническая поддержка при показе спектаклей"
"90030"	"Деятельность в области искусства"
"90040"	"Деятельность концертных и театральных залов"
"91011"	"Услуги фильмо- и фонотек"
"91012"	"Библиотечная деятельность, включая деятельность читальных залов, лекториев, демонстрационных залов"
"91013"	"Деятельность архивов"
"91014"	"Деятельность книжных палат"
"91020"	"Деятельность музеев"
"91030"	"Деятельность по охране исторических мест и зданий, памятников культуры"
"91041"	"Деятельность ботанических садов и зоопарков"
"91042"	"Деятельность природных заповедников, охрана дикой природы"
"92000"	"Деятельность по организации азартных игр и заключению пари"
"93110"	"Деятельность спортивных объектов"
"93120"	"Деятельность спортивных клубов"
"93130"	"Деятельность фитнесс клубов"
"93190"	"Прочая деятельность в области спорта"
"93210"	"Деятельность парков культуры и отдыха и тематических парков"
"93291"	"Деятельность танцевальных залов, дискотек"
"93292"	"Деятельность родео, тиров"
"93293"	"Деятельность кукольных театров"
"93299"	"Прочие виды деятельности по организации отдыха и развлечений"
"94110"	"Деятельность коммерческих и предпринимательских организаций"
"94120"	"Деятельность профессиональных организаций"
"94200"	"Деятельность профсоюзов"
"94910"	"Деятельность религиозных организаций"
"94920"	"Деятельность политических организаций"
"94990"	"Деятельность прочих общественных организаций, не включенных в другие группировки"
"95110"	"Ремонт компьютеров и периферийного оборудования"
"95120"	"Ремонт коммуникационного оборудования"
"95210"	"Ремонт бытовой электроники"
"95220"	"Ремонт бытовых приборов, домашнего и садового инвентаря"
"95231"	"Ремонт обуви"
"95232"	"Ремонт дорожных и галантерейных изделий из натуральной и искусственной кожи"
"95240"	"Ремонт мебели и предметов домашнего обихода"
"95251"	"Ремонт наручных и прочих часов"
"95252"	"Ремонт ювелирных изделий"
"95291"	"Ремонт трикотажных и вязаных изделий"
"95292"	"Ремонт швейных изделий, головных уборов и изделий текстильной галантереи"
"95293"	"Ремонт меховых и кожаных изделий и головных уборов"
"95294"	"Ремонт музыкальных инструментов"
"95295"	"Ремонт ковров и ковровых изделий"
"95296"	"Ремонт велосипедов"
"95299"	"Ремонт прочих бытовых изделий и предметов личного пользования, не включенных в другие группировки"
"96011"	"Стирка и обработка белья"
"96012"	"Химчистка и крашение"
"96020"	"Предоставление услуг парикмахерскими и салонами красоты"
"96030"	"Организация похорон и предоставление связанных с ними услуг"
"96040"	"Физкультурно-оздоровительная деятельность"
"96090"	"Предоставление прочих услуг, не включенных в другие группировки"
"97000"	"Деятельность домашних хозяйств, нанимающих домашнюю прислугу"
"98100"	"Деятельность домашних хозяйств по производству товаров для собственного потребления"
"98200"	"Деятельность домашних хозяйств по производству услуг для собственного потребления"
"99000"	"Деятельность экстерриториальных организаций"
